condition,noise,run,node,epoch,grad_slope,grad_thresh,grad_pass,acc_variance,var_thresh,var_pass,local_converged,global_flag_value,log_reported_node,val_accuracy,source_file
full_dp,0.5,1,ml1,1,,,,,,,,,,0.5876,exp_full_dp_0.5_ml1_run1.log
full_dp,0.5,1,ml1,2,,,,,,,,,,0.6459,exp_full_dp_0.5_ml1_run1.log
full_dp,0.5,1,ml1,3,,,,,,,,,,0.6717,exp_full_dp_0.5_ml1_run1.log
full_dp,0.5,1,ml1,4,,,,,,,,,,0.6894,exp_full_dp_0.5_ml1_run1.log
full_dp,0.5,1,ml1,5,,,,,,,,,,0.6940,exp_full_dp_0.5_ml1_run1.log
full_dp,0.5,1,ml1,6,,,,,,,,,,0.6927,exp_full_dp_0.5_ml1_run1.log
full_dp,0.5,1,ml1,7,,,,,,,,,,0.7013,exp_full_dp_0.5_ml1_run1.log
full_dp,0.5,1,ml1,8,,,,,,,,,,0.7046,exp_full_dp_0.5_ml1_run1.log
full_dp,0.5,1,ml1,9,,,,,,,,,,0.6997,exp_full_dp_0.5_ml1_run1.log
full_dp,0.5,1,ml1,10,,,,,,,,,,0.7206,exp_full_dp_0.5_ml1_run1.log
full_dp,0.5,1,ml1,11,,,,,,,,,,0.7268,exp_full_dp_0.5_ml1_run1.log
full_dp,0.5,1,ml1,12,,,,,,,,,,0.7266,exp_full_dp_0.5_ml1_run1.log
full_dp,0.5,1,ml1,13,,,,,,,,,,0.7301,exp_full_dp_0.5_ml1_run1.log
full_dp,0.5,1,ml1,14,,,,,,,,,,0.7396,exp_full_dp_0.5_ml1_run1.log
full_dp,0.5,1,ml1,15,,,,,,,,,,0.7413,exp_full_dp_0.5_ml1_run1.log
full_dp,0.5,1,ml1,16,,,,,,,,,,0.7386,exp_full_dp_0.5_ml1_run1.log
full_dp,0.5,1,ml1,17,,,,,,,,,,0.7460,exp_full_dp_0.5_ml1_run1.log
full_dp,0.5,1,ml1,18,,,,,,,,,,0.7423,exp_full_dp_0.5_ml1_run1.log
full_dp,0.5,1,ml1,19,,,,,,,,,,0.7618,exp_full_dp_0.5_ml1_run1.log
full_dp,0.5,1,ml1,20,,,,,,,,,,0.7590,exp_full_dp_0.5_ml1_run1.log
full_dp,0.5,1,ml1,21,,,,,,,,,,0.7592,exp_full_dp_0.5_ml1_run1.log
full_dp,0.5,1,ml1,22,,,,,,,,,,0.7605,exp_full_dp_0.5_ml1_run1.log
full_dp,0.5,1,ml1,23,,,,,,,,,,0.7620,exp_full_dp_0.5_ml1_run1.log
full_dp,0.5,1,ml1,24,,,,,,,,,,0.7672,exp_full_dp_0.5_ml1_run1.log
full_dp,0.5,1,ml1,25,,,,,,,,,,0.7692,exp_full_dp_0.5_ml1_run1.log
full_dp,0.5,1,ml1,26,,,,,,,,,,0.7665,exp_full_dp_0.5_ml1_run1.log
full_dp,0.5,1,ml1,27,,,,,,,,,,0.7663,exp_full_dp_0.5_ml1_run1.log
full_dp,0.5,1,ml1,28,,,,,,,,,,0.7591,exp_full_dp_0.5_ml1_run1.log
full_dp,0.5,1,ml1,29,,,,,,,,,,0.7799,exp_full_dp_0.5_ml1_run1.log
full_dp,0.5,1,ml1,30,,,,,,,,,,0.7782,exp_full_dp_0.5_ml1_run1.log
full_dp,0.5,1,ml1,31,,,,,,,,,,0.7803,exp_full_dp_0.5_ml1_run1.log
full_dp,0.5,1,ml1,32,,,,,,,,,,0.7848,exp_full_dp_0.5_ml1_run1.log
full_dp,0.5,1,ml1,33,,,,,,,,,,0.7777,exp_full_dp_0.5_ml1_run1.log
full_dp,0.5,1,ml1,34,,,,,,,,,,0.7884,exp_full_dp_0.5_ml1_run1.log
full_dp,0.5,1,ml1,35,,,,,,,,,,0.7810,exp_full_dp_0.5_ml1_run1.log
full_dp,0.5,1,ml1,36,,,,,,,,,,0.7889,exp_full_dp_0.5_ml1_run1.log
full_dp,0.5,1,ml1,37,,,,,,,,,,0.7874,exp_full_dp_0.5_ml1_run1.log
full_dp,0.5,1,ml1,38,,,,,,,,,,0.7852,exp_full_dp_0.5_ml1_run1.log
full_dp,0.5,1,ml1,39,,,,,,,,,,0.7909,exp_full_dp_0.5_ml1_run1.log
full_dp,0.5,1,ml1,40,,,,,,,,,,0.7885,exp_full_dp_0.5_ml1_run1.log
full_dp,0.5,1,ml1,41,,,,,,,,,,0.7941,exp_full_dp_0.5_ml1_run1.log
full_dp,0.5,1,ml1,42,,,,,,,,,,0.7985,exp_full_dp_0.5_ml1_run1.log
full_dp,0.5,1,ml1,43,,,,,,,,,,0.7904,exp_full_dp_0.5_ml1_run1.log
full_dp,0.5,1,ml1,44,,,,,,,,,,0.8007,exp_full_dp_0.5_ml1_run1.log
full_dp,0.5,1,ml1,45,,,,,,,,,,0.7866,exp_full_dp_0.5_ml1_run1.log
full_dp,0.5,1,ml1,46,,,,,,,,,,0.7984,exp_full_dp_0.5_ml1_run1.log
full_dp,0.5,1,ml1,47,,,,,,,,,,0.8043,exp_full_dp_0.5_ml1_run1.log
full_dp,0.5,1,ml1,48,,,,,,,,,,0.8037,exp_full_dp_0.5_ml1_run1.log
full_dp,0.5,1,ml1,49,,,,,,,,,,0.8062,exp_full_dp_0.5_ml1_run1.log
full_dp,0.5,1,ml1,50,,,,,,,,,,0.7829,exp_full_dp_0.5_ml1_run1.log
full_dp,0.5,1,ml2,1,,,,,,,,,,0.6045,exp_full_dp_0.5_ml2_run1.log
full_dp,0.5,1,ml2,2,,,,,,,,,,0.6456,exp_full_dp_0.5_ml2_run1.log
full_dp,0.5,1,ml2,3,,,,,,,,,,0.6592,exp_full_dp_0.5_ml2_run1.log
full_dp,0.5,1,ml2,4,,,,,,,,,,0.6798,exp_full_dp_0.5_ml2_run1.log
full_dp,0.5,1,ml2,5,,,,,,,,,,0.6844,exp_full_dp_0.5_ml2_run1.log
full_dp,0.5,1,ml2,6,,,,,,,,,,0.6935,exp_full_dp_0.5_ml2_run1.log
full_dp,0.5,1,ml2,7,,,,,,,,,,0.6904,exp_full_dp_0.5_ml2_run1.log
full_dp,0.5,1,ml2,8,,,,,,,,,,0.7129,exp_full_dp_0.5_ml2_run1.log
full_dp,0.5,1,ml2,9,,,,,,,,,,0.7044,exp_full_dp_0.5_ml2_run1.log
full_dp,0.5,1,ml2,10,,,,,,,,,,0.7159,exp_full_dp_0.5_ml2_run1.log
full_dp,0.5,1,ml2,11,,,,,,,,,,0.7282,exp_full_dp_0.5_ml2_run1.log
full_dp,0.5,1,ml2,12,,,,,,,,,,0.7180,exp_full_dp_0.5_ml2_run1.log
full_dp,0.5,1,ml2,13,,,,,,,,,,0.7367,exp_full_dp_0.5_ml2_run1.log
full_dp,0.5,1,ml2,14,,,,,,,,,,0.7205,exp_full_dp_0.5_ml2_run1.log
full_dp,0.5,1,ml2,15,,,,,,,,,,0.7450,exp_full_dp_0.5_ml2_run1.log
full_dp,0.5,1,ml2,16,,,,,,,,,,0.7335,exp_full_dp_0.5_ml2_run1.log
full_dp,0.5,1,ml2,17,,,,,,,,,,0.7334,exp_full_dp_0.5_ml2_run1.log
full_dp,0.5,1,ml2,18,,,,,,,,,,0.7434,exp_full_dp_0.5_ml2_run1.log
full_dp,0.5,1,ml2,19,,,,,,,,,,0.7459,exp_full_dp_0.5_ml2_run1.log
full_dp,0.5,1,ml2,20,,,,,,,,,,0.7598,exp_full_dp_0.5_ml2_run1.log
full_dp,0.5,1,ml2,21,,,,,,,,,,0.7645,exp_full_dp_0.5_ml2_run1.log
full_dp,0.5,1,ml2,22,,,,,,,,,,0.7626,exp_full_dp_0.5_ml2_run1.log
full_dp,0.5,1,ml2,23,,,,,,,,,,0.7670,exp_full_dp_0.5_ml2_run1.log
full_dp,0.5,1,ml2,24,,,,,,,,,,0.7608,exp_full_dp_0.5_ml2_run1.log
full_dp,0.5,1,ml2,25,,,,,,,,,,0.7714,exp_full_dp_0.5_ml2_run1.log
full_dp,0.5,1,ml2,26,,,,,,,,,,0.7605,exp_full_dp_0.5_ml2_run1.log
full_dp,0.5,1,ml2,27,,,,,,,,,,0.7621,exp_full_dp_0.5_ml2_run1.log
full_dp,0.5,1,ml2,28,,,,,,,,,,0.7756,exp_full_dp_0.5_ml2_run1.log
full_dp,0.5,1,ml2,29,,,,,,,,,,0.7771,exp_full_dp_0.5_ml2_run1.log
full_dp,0.5,1,ml2,30,,,,,,,,,,0.7783,exp_full_dp_0.5_ml2_run1.log
full_dp,0.5,1,ml2,31,,,,,,,,,,0.7744,exp_full_dp_0.5_ml2_run1.log
full_dp,0.5,1,ml2,32,,,,,,,,,,0.7766,exp_full_dp_0.5_ml2_run1.log
full_dp,0.5,1,ml2,33,,,,,,,,,,0.7751,exp_full_dp_0.5_ml2_run1.log
full_dp,0.5,1,ml2,34,,,,,,,,,,0.7854,exp_full_dp_0.5_ml2_run1.log
full_dp,0.5,1,ml2,35,,,,,,,,,,0.7898,exp_full_dp_0.5_ml2_run1.log
full_dp,0.5,1,ml2,36,,,,,,,,,,0.7879,exp_full_dp_0.5_ml2_run1.log
full_dp,0.5,1,ml2,37,,,,,,,,,,0.7902,exp_full_dp_0.5_ml2_run1.log
full_dp,0.5,1,ml2,38,,,,,,,,,,0.7925,exp_full_dp_0.5_ml2_run1.log
full_dp,0.5,1,ml2,39,,,,,,,,,,0.7985,exp_full_dp_0.5_ml2_run1.log
full_dp,0.5,1,ml2,40,,,,,,,,,,0.7882,exp_full_dp_0.5_ml2_run1.log
full_dp,0.5,1,ml2,41,,,,,,,,,,0.7953,exp_full_dp_0.5_ml2_run1.log
full_dp,0.5,1,ml2,42,,,,,,,,,,0.7926,exp_full_dp_0.5_ml2_run1.log
full_dp,0.5,1,ml2,43,,,,,,,,,,0.8007,exp_full_dp_0.5_ml2_run1.log
full_dp,0.5,1,ml2,44,,,,,,,,,,0.7926,exp_full_dp_0.5_ml2_run1.log
full_dp,0.5,1,ml2,45,,,,,,,,,,0.7964,exp_full_dp_0.5_ml2_run1.log
full_dp,0.5,1,ml2,46,,,,,,,,,,0.7998,exp_full_dp_0.5_ml2_run1.log
full_dp,0.5,1,ml2,47,,,,,,,,,,0.7971,exp_full_dp_0.5_ml2_run1.log
full_dp,0.5,1,ml2,48,,,,,,,,,,0.7952,exp_full_dp_0.5_ml2_run1.log
full_dp,0.5,1,ml2,49,,,,,,,,,,0.7982,exp_full_dp_0.5_ml2_run1.log
full_dp,0.5,1,ml2,50,,,,,,,,,,0.8037,exp_full_dp_0.5_ml2_run1.log
full_dp,1.0,1,ml1,1,,,,,,,,,,0.5490,exp_full_dp_1.0_ml1_run1.log
full_dp,1.0,1,ml1,2,,,,,,,,,,0.5862,exp_full_dp_1.0_ml1_run1.log
full_dp,1.0,1,ml1,3,,,,,,,,,,0.6319,exp_full_dp_1.0_ml1_run1.log
full_dp,1.0,1,ml1,4,,,,,,,,,,0.6444,exp_full_dp_1.0_ml1_run1.log
full_dp,1.0,1,ml1,5,,,,,,,,,,0.6531,exp_full_dp_1.0_ml1_run1.log
full_dp,1.0,1,ml1,6,,,,,,,,,,0.6567,exp_full_dp_1.0_ml1_run1.log
full_dp,1.0,1,ml1,7,,,,,,,,,,0.6687,exp_full_dp_1.0_ml1_run1.log
full_dp,1.0,1,ml1,8,,,,,,,,,,0.6738,exp_full_dp_1.0_ml1_run1.log
full_dp,1.0,1,ml1,9,,,,,,,,,,0.6687,exp_full_dp_1.0_ml1_run1.log
full_dp,1.0,1,ml1,10,,,,,,,,,,0.6785,exp_full_dp_1.0_ml1_run1.log
full_dp,1.0,1,ml1,11,,,,,,,,,,0.7072,exp_full_dp_1.0_ml1_run1.log
full_dp,1.0,1,ml1,12,,,,,,,,,,0.6594,exp_full_dp_1.0_ml1_run1.log
full_dp,1.0,1,ml1,13,,,,,,,,,,0.6995,exp_full_dp_1.0_ml1_run1.log
full_dp,1.0,1,ml1,14,,,,,,,,,,0.6881,exp_full_dp_1.0_ml1_run1.log
full_dp,1.0,1,ml1,15,,,,,,,,,,0.7143,exp_full_dp_1.0_ml1_run1.log
full_dp,1.0,1,ml1,16,,,,,,,,,,0.7135,exp_full_dp_1.0_ml1_run1.log
full_dp,1.0,1,ml1,17,,,,,,,,,,0.7093,exp_full_dp_1.0_ml1_run1.log
full_dp,1.0,1,ml1,18,,,,,,,,,,0.7049,exp_full_dp_1.0_ml1_run1.log
full_dp,1.0,1,ml1,19,,,,,,,,,,0.7283,exp_full_dp_1.0_ml1_run1.log
full_dp,1.0,1,ml1,20,,,,,,,,,,0.7266,exp_full_dp_1.0_ml1_run1.log
full_dp,1.0,1,ml1,21,,,,,,,,,,0.7227,exp_full_dp_1.0_ml1_run1.log
full_dp,1.0,1,ml1,22,,,,,,,,,,0.7307,exp_full_dp_1.0_ml1_run1.log
full_dp,1.0,1,ml1,23,,,,,,,,,,0.7296,exp_full_dp_1.0_ml1_run1.log
full_dp,1.0,1,ml1,24,,,,,,,,,,0.7358,exp_full_dp_1.0_ml1_run1.log
full_dp,1.0,1,ml1,25,,,,,,,,,,0.7391,exp_full_dp_1.0_ml1_run1.log
full_dp,1.0,1,ml1,26,,,,,,,,,,0.7407,exp_full_dp_1.0_ml1_run1.log
full_dp,1.0,1,ml1,27,,,,,,,,,,0.7485,exp_full_dp_1.0_ml1_run1.log
full_dp,1.0,1,ml1,28,,,,,,,,,,0.7435,exp_full_dp_1.0_ml1_run1.log
full_dp,1.0,1,ml1,29,,,,,,,,,,0.7492,exp_full_dp_1.0_ml1_run1.log
full_dp,1.0,1,ml1,30,,,,,,,,,,0.7339,exp_full_dp_1.0_ml1_run1.log
full_dp,1.0,1,ml1,31,,,,,,,,,,0.7434,exp_full_dp_1.0_ml1_run1.log
full_dp,1.0,1,ml1,32,,,,,,,,,,0.7472,exp_full_dp_1.0_ml1_run1.log
full_dp,1.0,1,ml1,33,,,,,,,,,,0.7489,exp_full_dp_1.0_ml1_run1.log
full_dp,1.0,1,ml1,34,,,,,,,,,,0.7527,exp_full_dp_1.0_ml1_run1.log
full_dp,1.0,1,ml1,35,,,,,,,,,,0.7555,exp_full_dp_1.0_ml1_run1.log
full_dp,1.0,1,ml1,36,,,,,,,,,,0.7591,exp_full_dp_1.0_ml1_run1.log
full_dp,1.0,1,ml1,37,,,,,,,,,,0.7567,exp_full_dp_1.0_ml1_run1.log
full_dp,1.0,1,ml1,38,,,,,,,,,,0.7518,exp_full_dp_1.0_ml1_run1.log
full_dp,1.0,1,ml1,39,,,,,,,,,,0.7508,exp_full_dp_1.0_ml1_run1.log
full_dp,1.0,1,ml1,40,,,,,,,,,,0.7606,exp_full_dp_1.0_ml1_run1.log
full_dp,1.0,1,ml1,41,,,,,,,,,,0.7610,exp_full_dp_1.0_ml1_run1.log
full_dp,1.0,1,ml1,42,,,,,,,,,,0.7459,exp_full_dp_1.0_ml1_run1.log
full_dp,1.0,1,ml1,43,,,,,,,,,,0.7581,exp_full_dp_1.0_ml1_run1.log
full_dp,1.0,1,ml1,44,,,,,,,,,,0.7601,exp_full_dp_1.0_ml1_run1.log
full_dp,1.0,1,ml1,45,,,,,,,,,,0.7604,exp_full_dp_1.0_ml1_run1.log
full_dp,1.0,1,ml1,46,,,,,,,,,,0.7627,exp_full_dp_1.0_ml1_run1.log
full_dp,1.0,1,ml1,47,,,,,,,,,,0.7648,exp_full_dp_1.0_ml1_run1.log
full_dp,1.0,1,ml1,48,,,,,,,,,,0.7614,exp_full_dp_1.0_ml1_run1.log
full_dp,1.0,1,ml1,49,,,,,,,,,,0.7635,exp_full_dp_1.0_ml1_run1.log
full_dp,1.0,1,ml1,50,,,,,,,,,,0.7640,exp_full_dp_1.0_ml1_run1.log
full_dp,1.0,1,ml2,1,,,,,,,,,,0.5456,exp_full_dp_1.0_ml2_run1.log
full_dp,1.0,1,ml2,2,,,,,,,,,,0.6043,exp_full_dp_1.0_ml2_run1.log
full_dp,1.0,1,ml2,3,,,,,,,,,,0.6342,exp_full_dp_1.0_ml2_run1.log
full_dp,1.0,1,ml2,4,,,,,,,,,,0.6437,exp_full_dp_1.0_ml2_run1.log
full_dp,1.0,1,ml2,5,,,,,,,,,,0.6563,exp_full_dp_1.0_ml2_run1.log
full_dp,1.0,1,ml2,6,,,,,,,,,,0.6572,exp_full_dp_1.0_ml2_run1.log
full_dp,1.0,1,ml2,7,,,,,,,,,,0.6729,exp_full_dp_1.0_ml2_run1.log
full_dp,1.0,1,ml2,8,,,,,,,,,,0.6691,exp_full_dp_1.0_ml2_run1.log
full_dp,1.0,1,ml2,9,,,,,,,,,,0.6689,exp_full_dp_1.0_ml2_run1.log
full_dp,1.0,1,ml2,10,,,,,,,,,,0.6776,exp_full_dp_1.0_ml2_run1.log
full_dp,1.0,1,ml2,11,,,,,,,,,,0.6680,exp_full_dp_1.0_ml2_run1.log
full_dp,1.0,1,ml2,12,,,,,,,,,,0.7044,exp_full_dp_1.0_ml2_run1.log
full_dp,1.0,1,ml2,13,,,,,,,,,,0.6968,exp_full_dp_1.0_ml2_run1.log
full_dp,1.0,1,ml2,14,,,,,,,,,,0.6994,exp_full_dp_1.0_ml2_run1.log
full_dp,1.0,1,ml2,15,,,,,,,,,,0.7078,exp_full_dp_1.0_ml2_run1.log
full_dp,1.0,1,ml2,16,,,,,,,,,,0.7113,exp_full_dp_1.0_ml2_run1.log
full_dp,1.0,1,ml2,17,,,,,,,,,,0.7222,exp_full_dp_1.0_ml2_run1.log
full_dp,1.0,1,ml2,18,,,,,,,,,,0.7205,exp_full_dp_1.0_ml2_run1.log
full_dp,1.0,1,ml2,19,,,,,,,,,,0.6988,exp_full_dp_1.0_ml2_run1.log
full_dp,1.0,1,ml2,20,,,,,,,,,,0.7230,exp_full_dp_1.0_ml2_run1.log
full_dp,1.0,1,ml2,21,,,,,,,,,,0.7324,exp_full_dp_1.0_ml2_run1.log
full_dp,1.0,1,ml2,22,,,,,,,,,,0.7282,exp_full_dp_1.0_ml2_run1.log
full_dp,1.0,1,ml2,23,,,,,,,,,,0.7362,exp_full_dp_1.0_ml2_run1.log
full_dp,1.0,1,ml2,24,,,,,,,,,,0.7355,exp_full_dp_1.0_ml2_run1.log
full_dp,1.0,1,ml2,25,,,,,,,,,,0.7379,exp_full_dp_1.0_ml2_run1.log
full_dp,1.0,1,ml2,26,,,,,,,,,,0.7328,exp_full_dp_1.0_ml2_run1.log
full_dp,1.0,1,ml2,27,,,,,,,,,,0.7452,exp_full_dp_1.0_ml2_run1.log
full_dp,1.0,1,ml2,28,,,,,,,,,,0.7434,exp_full_dp_1.0_ml2_run1.log
full_dp,1.0,1,ml2,29,,,,,,,,,,0.7497,exp_full_dp_1.0_ml2_run1.log
full_dp,1.0,1,ml2,30,,,,,,,,,,0.7472,exp_full_dp_1.0_ml2_run1.log
full_dp,1.0,1,ml2,31,,,,,,,,,,0.7476,exp_full_dp_1.0_ml2_run1.log
full_dp,1.0,1,ml2,32,,,,,,,,,,0.7475,exp_full_dp_1.0_ml2_run1.log
full_dp,1.0,1,ml2,33,,,,,,,,,,0.7314,exp_full_dp_1.0_ml2_run1.log
full_dp,1.0,1,ml2,34,,,,,,,,,,0.7483,exp_full_dp_1.0_ml2_run1.log
full_dp,1.0,1,ml2,35,,,,,,,,,,0.7578,exp_full_dp_1.0_ml2_run1.log
full_dp,1.0,1,ml2,36,,,,,,,,,,0.7492,exp_full_dp_1.0_ml2_run1.log
full_dp,1.0,1,ml2,37,,,,,,,,,,0.7578,exp_full_dp_1.0_ml2_run1.log
full_dp,1.0,1,ml2,38,,,,,,,,,,0.7553,exp_full_dp_1.0_ml2_run1.log
full_dp,1.0,1,ml2,39,,,,,,,,,,0.7495,exp_full_dp_1.0_ml2_run1.log
full_dp,1.0,1,ml2,40,,,,,,,,,,0.7506,exp_full_dp_1.0_ml2_run1.log
full_dp,1.0,1,ml2,41,,,,,,,,,,0.7558,exp_full_dp_1.0_ml2_run1.log
full_dp,1.0,1,ml2,42,,,,,,,,,,0.7628,exp_full_dp_1.0_ml2_run1.log
full_dp,1.0,1,ml2,43,,,,,,,,,,0.7647,exp_full_dp_1.0_ml2_run1.log
full_dp,1.0,1,ml2,44,,,,,,,,,,0.7642,exp_full_dp_1.0_ml2_run1.log
full_dp,1.0,1,ml2,45,,,,,,,,,,0.7634,exp_full_dp_1.0_ml2_run1.log
full_dp,1.0,1,ml2,46,,,,,,,,,,0.7662,exp_full_dp_1.0_ml2_run1.log
full_dp,1.0,1,ml2,47,,,,,,,,,,0.7599,exp_full_dp_1.0_ml2_run1.log
full_dp,1.0,1,ml2,48,,,,,,,,,,0.7620,exp_full_dp_1.0_ml2_run1.log
full_dp,1.0,1,ml2,49,,,,,,,,,,0.7608,exp_full_dp_1.0_ml2_run1.log
full_dp,1.0,1,ml2,50,,,,,,,,,,0.7599,exp_full_dp_1.0_ml2_run1.log
full_dp,1.5,1,ml1,1,,,,,,,,,,0.5192,exp_full_dp_1.5_ml1_run1.log
full_dp,1.5,1,ml1,2,,,,,,,,,,0.5904,exp_full_dp_1.5_ml1_run1.log
full_dp,1.5,1,ml1,3,,,,,,,,,,0.6166,exp_full_dp_1.5_ml1_run1.log
full_dp,1.5,1,ml1,4,,,,,,,,,,0.6326,exp_full_dp_1.5_ml1_run1.log
full_dp,1.5,1,ml1,5,,,,,,,,,,0.6460,exp_full_dp_1.5_ml1_run1.log
full_dp,1.5,1,ml1,6,,,,,,,,,,0.6475,exp_full_dp_1.5_ml1_run1.log
full_dp,1.5,1,ml1,7,,,,,,,,,,0.6386,exp_full_dp_1.5_ml1_run1.log
full_dp,1.5,1,ml1,8,,,,,,,,,,0.6544,exp_full_dp_1.5_ml1_run1.log
full_dp,1.5,1,ml1,9,,,,,,,,,,0.6601,exp_full_dp_1.5_ml1_run1.log
full_dp,1.5,1,ml1,10,,,,,,,,,,0.6642,exp_full_dp_1.5_ml1_run1.log
full_dp,1.5,1,ml1,11,,,,,,,,,,0.6654,exp_full_dp_1.5_ml1_run1.log
full_dp,1.5,1,ml1,12,,,,,,,,,,0.6714,exp_full_dp_1.5_ml1_run1.log
full_dp,1.5,1,ml1,13,,,,,,,,,,0.6714,exp_full_dp_1.5_ml1_run1.log
full_dp,1.5,1,ml1,14,,,,,,,,,,0.6722,exp_full_dp_1.5_ml1_run1.log
full_dp,1.5,1,ml1,15,,,,,,,,,,0.6863,exp_full_dp_1.5_ml1_run1.log
full_dp,1.5,1,ml1,16,,,,,,,,,,0.6917,exp_full_dp_1.5_ml1_run1.log
full_dp,1.5,1,ml1,17,,,,,,,,,,0.6895,exp_full_dp_1.5_ml1_run1.log
full_dp,1.5,1,ml1,18,,,,,,,,,,0.6950,exp_full_dp_1.5_ml1_run1.log
full_dp,1.5,1,ml1,19,,,,,,,,,,0.6763,exp_full_dp_1.5_ml1_run1.log
full_dp,1.5,1,ml1,20,,,,,,,,,,0.6989,exp_full_dp_1.5_ml1_run1.log
full_dp,1.5,1,ml1,21,,,,,,,,,,0.7060,exp_full_dp_1.5_ml1_run1.log
full_dp,1.5,1,ml1,22,,,,,,,,,,0.7053,exp_full_dp_1.5_ml1_run1.log
full_dp,1.5,1,ml1,23,,,,,,,,,,0.7101,exp_full_dp_1.5_ml1_run1.log
full_dp,1.5,1,ml1,24,,,,,,,,,,0.7079,exp_full_dp_1.5_ml1_run1.log
full_dp,1.5,1,ml1,25,,,,,,,,,,0.7203,exp_full_dp_1.5_ml1_run1.log
full_dp,1.5,1,ml1,26,,,,,,,,,,0.7118,exp_full_dp_1.5_ml1_run1.log
full_dp,1.5,1,ml1,27,,,,,,,,,,0.7143,exp_full_dp_1.5_ml1_run1.log
full_dp,1.5,1,ml1,28,,,,,,,,,,0.7235,exp_full_dp_1.5_ml1_run1.log
full_dp,1.5,1,ml1,29,,,,,,,,,,0.7133,exp_full_dp_1.5_ml1_run1.log
full_dp,1.5,1,ml1,30,,,,,,,,,,0.7180,exp_full_dp_1.5_ml1_run1.log
full_dp,1.5,1,ml1,31,,,,,,,,,,0.7193,exp_full_dp_1.5_ml1_run1.log
full_dp,1.5,1,ml1,32,,,,,,,,,,0.7060,exp_full_dp_1.5_ml1_run1.log
full_dp,1.5,1,ml1,33,,,,,,,,,,0.7239,exp_full_dp_1.5_ml1_run1.log
full_dp,1.5,1,ml1,34,,,,,,,,,,0.7268,exp_full_dp_1.5_ml1_run1.log
full_dp,1.5,1,ml1,35,,,,,,,,,,0.7210,exp_full_dp_1.5_ml1_run1.log
full_dp,1.5,1,ml1,36,,,,,,,,,,0.7163,exp_full_dp_1.5_ml1_run1.log
full_dp,1.5,1,ml1,37,,,,,,,,,,0.7344,exp_full_dp_1.5_ml1_run1.log
full_dp,1.5,1,ml1,38,,,,,,,,,,0.7252,exp_full_dp_1.5_ml1_run1.log
full_dp,1.5,1,ml1,39,,,,,,,,,,0.7317,exp_full_dp_1.5_ml1_run1.log
full_dp,1.5,1,ml1,40,,,,,,,,,,0.7284,exp_full_dp_1.5_ml1_run1.log
full_dp,1.5,1,ml1,41,,,,,,,,,,0.7391,exp_full_dp_1.5_ml1_run1.log
full_dp,1.5,1,ml1,42,,,,,,,,,,0.7397,exp_full_dp_1.5_ml1_run1.log
full_dp,1.5,1,ml1,43,,,,,,,,,,0.7306,exp_full_dp_1.5_ml1_run1.log
full_dp,1.5,1,ml1,44,,,,,,,,,,0.7324,exp_full_dp_1.5_ml1_run1.log
full_dp,1.5,1,ml1,45,,,,,,,,,,0.7410,exp_full_dp_1.5_ml1_run1.log
full_dp,1.5,1,ml1,46,,,,,,,,,,0.7379,exp_full_dp_1.5_ml1_run1.log
full_dp,1.5,1,ml1,47,,,,,,,,,,0.7398,exp_full_dp_1.5_ml1_run1.log
full_dp,1.5,1,ml1,48,,,,,,,,,,0.7429,exp_full_dp_1.5_ml1_run1.log
full_dp,1.5,1,ml1,49,,,,,,,,,,0.7460,exp_full_dp_1.5_ml1_run1.log
full_dp,1.5,1,ml1,50,,,,,,,,,,0.7525,exp_full_dp_1.5_ml1_run1.log
full_dp,1.5,1,ml2,1,,,,,,,,,,0.5097,exp_full_dp_1.5_ml2_run1.log
full_dp,1.5,1,ml2,2,,,,,,,,,,0.5683,exp_full_dp_1.5_ml2_run1.log
full_dp,1.5,1,ml2,3,,,,,,,,,,0.6015,exp_full_dp_1.5_ml2_run1.log
full_dp,1.5,1,ml2,4,,,,,,,,,,0.6164,exp_full_dp_1.5_ml2_run1.log
full_dp,1.5,1,ml2,5,,,,,,,,,,0.6433,exp_full_dp_1.5_ml2_run1.log
full_dp,1.5,1,ml2,6,,,,,,,,,,0.6444,exp_full_dp_1.5_ml2_run1.log
full_dp,1.5,1,ml2,7,,,,,,,,,,0.6486,exp_full_dp_1.5_ml2_run1.log
full_dp,1.5,1,ml2,8,,,,,,,,,,0.6610,exp_full_dp_1.5_ml2_run1.log
full_dp,1.5,1,ml2,9,,,,,,,,,,0.6625,exp_full_dp_1.5_ml2_run1.log
full_dp,1.5,1,ml2,10,,,,,,,,,,0.6597,exp_full_dp_1.5_ml2_run1.log
full_dp,1.5,1,ml2,11,,,,,,,,,,0.6748,exp_full_dp_1.5_ml2_run1.log
full_dp,1.5,1,ml2,12,,,,,,,,,,0.6670,exp_full_dp_1.5_ml2_run1.log
full_dp,1.5,1,ml2,13,,,,,,,,,,0.6691,exp_full_dp_1.5_ml2_run1.log
full_dp,1.5,1,ml2,14,,,,,,,,,,0.6702,exp_full_dp_1.5_ml2_run1.log
full_dp,1.5,1,ml2,15,,,,,,,,,,0.6866,exp_full_dp_1.5_ml2_run1.log
full_dp,1.5,1,ml2,16,,,,,,,,,,0.6854,exp_full_dp_1.5_ml2_run1.log
full_dp,1.5,1,ml2,17,,,,,,,,,,0.6870,exp_full_dp_1.5_ml2_run1.log
full_dp,1.5,1,ml2,18,,,,,,,,,,0.6895,exp_full_dp_1.5_ml2_run1.log
full_dp,1.5,1,ml2,19,,,,,,,,,,0.6966,exp_full_dp_1.5_ml2_run1.log
full_dp,1.5,1,ml2,20,,,,,,,,,,0.7007,exp_full_dp_1.5_ml2_run1.log
full_dp,1.5,1,ml2,21,,,,,,,,,,0.7033,exp_full_dp_1.5_ml2_run1.log
full_dp,1.5,1,ml2,22,,,,,,,,,,0.7035,exp_full_dp_1.5_ml2_run1.log
full_dp,1.5,1,ml2,23,,,,,,,,,,0.7049,exp_full_dp_1.5_ml2_run1.log
full_dp,1.5,1,ml2,24,,,,,,,,,,0.7147,exp_full_dp_1.5_ml2_run1.log
full_dp,1.5,1,ml2,25,,,,,,,,,,0.7089,exp_full_dp_1.5_ml2_run1.log
full_dp,1.5,1,ml2,26,,,,,,,,,,0.7177,exp_full_dp_1.5_ml2_run1.log
full_dp,1.5,1,ml2,27,,,,,,,,,,0.7011,exp_full_dp_1.5_ml2_run1.log
full_dp,1.5,1,ml2,28,,,,,,,,,,0.7168,exp_full_dp_1.5_ml2_run1.log
full_dp,1.5,1,ml2,29,,,,,,,,,,0.7156,exp_full_dp_1.5_ml2_run1.log
full_dp,1.5,1,ml2,30,,,,,,,,,,0.7157,exp_full_dp_1.5_ml2_run1.log
full_dp,1.5,1,ml2,31,,,,,,,,,,0.7070,exp_full_dp_1.5_ml2_run1.log
full_dp,1.5,1,ml2,32,,,,,,,,,,0.7222,exp_full_dp_1.5_ml2_run1.log
full_dp,1.5,1,ml2,33,,,,,,,,,,0.7174,exp_full_dp_1.5_ml2_run1.log
full_dp,1.5,1,ml2,34,,,,,,,,,,0.7196,exp_full_dp_1.5_ml2_run1.log
full_dp,1.5,1,ml2,35,,,,,,,,,,0.7316,exp_full_dp_1.5_ml2_run1.log
full_dp,1.5,1,ml2,36,,,,,,,,,,0.7265,exp_full_dp_1.5_ml2_run1.log
full_dp,1.5,1,ml2,37,,,,,,,,,,0.7367,exp_full_dp_1.5_ml2_run1.log
full_dp,1.5,1,ml2,38,,,,,,,,,,0.7258,exp_full_dp_1.5_ml2_run1.log
full_dp,1.5,1,ml2,39,,,,,,,,,,0.7384,exp_full_dp_1.5_ml2_run1.log
full_dp,1.5,1,ml2,40,,,,,,,,,,0.7376,exp_full_dp_1.5_ml2_run1.log
full_dp,1.5,1,ml2,41,,,,,,,,,,0.7328,exp_full_dp_1.5_ml2_run1.log
full_dp,1.5,1,ml2,42,,,,,,,,,,0.7386,exp_full_dp_1.5_ml2_run1.log
full_dp,1.5,1,ml2,43,,,,,,,,,,0.7399,exp_full_dp_1.5_ml2_run1.log
full_dp,1.5,1,ml2,44,,,,,,,,,,0.7437,exp_full_dp_1.5_ml2_run1.log
full_dp,1.5,1,ml2,45,,,,,,,,,,0.7373,exp_full_dp_1.5_ml2_run1.log
full_dp,1.5,1,ml2,46,,,,,,,,,,0.7425,exp_full_dp_1.5_ml2_run1.log
full_dp,1.5,1,ml2,47,,,,,,,,,,0.7337,exp_full_dp_1.5_ml2_run1.log
full_dp,1.5,1,ml2,48,,,,,,,,,,0.7408,exp_full_dp_1.5_ml2_run1.log
full_dp,1.5,1,ml2,49,,,,,,,,,,0.7454,exp_full_dp_1.5_ml2_run1.log
full_dp,1.5,1,ml2,50,,,,,,,,,,0.7432,exp_full_dp_1.5_ml2_run1.log
